state,city,station,mean_avg,mean_spread,anomaly_rate,n_readings,persistence,spis,risk_band
Odisha,Rourkela,"Fertilizer Township, Rourkela - OSPCB",195.66666666666666,205.66666666666666,0.6666666666666666,3,1.3862943611198906,92.49999996425633,Severe
Maharashtra,Pune,"Bhumkar Nagar, Pune - IITM",155.2,197.6,0.6,5,1.791759469228055,85.32716236571258,Severe
Maharashtra,Pune,"Revenue Colony-Shivajinagar, Pune - IITM",125.33333333333333,116.66666666666667,0.5,6,1.9459101490553132,67.82502460637734,High
Gujarat,Ahmedabad,"Gyaspur, Ahmedabad - IITM",95.85714285714286,151.0,0.2857142857142857,7,2.0794415416798357,60.765342038530214,High
Haryana,Gurugram,"Teri Gram, Gurugram - HSPCB",142.25,117.5,0.25,4,1.6094379124341003,60.37219245105414,High
Gujarat,Ahmedabad,"Rakhial, Ahmedabad - IITM",95.85714285714286,134.85714285714286,0.2857142857142857,7,2.0794415416798357,58.803082256182726,High
Rajasthan,Sri Ganganagar,"Old City, Sri Ganganagar - RSPCB",78.85714285714286,156.28571428571428,0.2857142857142857,7,2.0794415416798357,57.803611596101476,High
Bihar,Patna,"Muradpur, Patna - BSPCB",83.14285714285714,147.14285714285714,0.2857142857142857,7,2.0794415416798357,57.60087522783201,High
West_Bengal,Howrah,"Dasnagar, Howrah - WBPCB",95.57142857142857,149.14285714285714,0.14285714285714285,7,2.0794415416798357,56.193305591684876,High
Odisha,Talcher,"Talcher Coalfields,Talcher - OSPCB",89.42857142857143,124.14285714285714,0.2857142857142857,7,2.0794415416798357,56.137749438839826,High
Madhya Pradesh,Mandideep,"Sector-D Industrial Area, Mandideep - MPPCB",84.14285714285714,166.85714285714286,0.14285714285714285,7,2.0794415416798357,55.92356313559914,High
Assam,Byrnihat,"Central Academy for SFS, Byrnihat - PCBA",92.85714285714286,115.14285714285714,0.2857142857142857,7,2.0794415416798357,55.77065180058089,High
Odisha,Cuttack,"CDA Area, Cuttack - OSPCB",99.14285714285714,124.0,0.14285714285714285,7,2.0794415416798357,53.89423590454625,High
Maharashtra,Pimpri-Chinchwad,"Savta Mali Nagar, Pimpri-Chinchwad - IITM",111.5,110.25,0.25,4,1.6094379124341003,52.97147743313878,High
Rajasthan,Jodhpur,"Collectorate, Jodhpur - RSPCB",82.0,143.5,0.16666666666666666,6,1.9459101490553132,51.8994958746531,High
Rajasthan,Jaipur,"Police Commissionerate, Jaipur - RSPCB",79.85714285714286,102.28571428571429,0.2857142857142857,7,2.0794415416798357,51.45160628146137,High
Odisha,Bhubaneswar,"Patia, Bhubaneswar - OSPCB",90.57142857142857,116.0,0.14285714285714285,7,2.0794415416798357,51.10452457071402,High
West_Bengal,Kolkata,"Jadavpur, Kolkata - WBPCB",83.8,137.2,0.2,5,1.791759469228055,50.84737588698695,High
Bihar,Muzaffarpur,"Muzaffarpur Collectorate, Muzaffarpur - BSPCB",83.8,132.4,0.2,5,1.791759469228055,50.263907491527895,High
Maharashtra,Ahmednagar,"Tarakpur, Ahmednagar - MPCB",81.28571428571429,122.0,0.14285714285714285,7,2.0794415416798357,49.86515738963185,Moderate
Rajasthan,Jodhpur,"Samrat Ashok Udhyan, Jodhpur - RSPCB",78.57142857142857,157.71428571428572,0.0,7,2.0794415416798357,49.34525887876681,Moderate
Maharashtra,Pune,"Hadapsar, Pune - IITM",99.2,94.2,0.2,5,1.791759469228055,48.88548917882663,Moderate
Gujarat,Ahmedabad,"Chandkheda, Ahmedabad - IITM",82.14285714285714,109.0,0.14285714285714285,7,2.0794415416798357,48.466656886070226,Moderate
West_Bengal,Howrah,"Padmapukur, Howrah - WBPCB",83.42857142857143,106.14285714285714,0.14285714285714285,7,2.0794415416798357,48.3919438709356,Moderate
Maharashtra,Mumbai,"Bandra Kurla Complex, Mumbai - MPCB",79.71428571428571,110.71428571428571,0.14285714285714285,7,2.0794415416798357,48.16014698692469,Moderate
Punjab,Mandi Gobindgarh,"RIMT University, Mandi Gobindgarh - PPCB",99.75,152.0,0.0,4,1.6094379124341003,48.05527084800022,Moderate
Odisha,Byasanagar,"Ferro Chrome Colony, Byasanagar - OSPCB",81.42857142857143,104.42857142857143,0.14285714285714285,7,2.0794415416798357,47.7595340325798,Moderate
Rajasthan,Pali,"Indira Colony Vistar, Pali - RSPCB",74.42857142857143,116.0,0.14285714285714285,7,2.0794415416798357,47.68201068885432,Moderate
Madhya Pradesh,Indore,"Chhoti Gwaltoli, Indore - MPPCB",76.85714285714286,107.85714285714286,0.14285714285714285,7,2.0794415416798357,47.207089701224305,Moderate
West_Bengal,Howrah,"Ghusuri, Howrah - WBPCB",67.66666666666667,128.16666666666666,0.16666666666666666,6,1.9459101490553132,46.99676924233552,Moderate
Delhi,Delhi,"Okhla Phase-2, Delhi - DPCC",78.0,65.0,0.2857142857142857,7,2.0794415416798357,46.525566603081984,Moderate
Delhi,Delhi,"CRRI Mathura Road, Delhi - IMD",87.4,90.4,0.2,5,1.791759469228055,45.92180991464915,Moderate
Rajasthan,Jaipur,"Sector-2 Murlipura, Jaipur - RSPCB",69.85714285714286,144.14285714285714,0.0,7,2.0794415416798357,45.84801970959466,Moderate
Maharashtra,Pune,"Mhada Colony, Pune - IITM",92.2,130.6,0.0,5,1.791759469228055,45.82602558013648,Moderate
Rajasthan,Nagaur,"Karni Colony, Nagaur - RSPCB",65.71428571428571,150.85714285714286,0.0,7,2.0794415416798357,45.785836587438915,Moderate
Rajasthan,Banswara,"Rati Talai, Banswara - RSPCB",66.42857142857143,106.0,0.14285714285714285,7,2.0794415416798357,44.770338457451956,Moderate
Gujarat,Ahmedabad,"Sardar Vallabhbhai Patel Stadium, Ahmedabad - IITM",75.57142857142857,124.14285714285714,0.0,7,2.0794415416798357,44.62841073389325,Moderate
Maharashtra,Kolhapur,"Sinchan Bhavan, Kolhapur - MPCB",79.5,87.5,0.16666666666666666,6,1.9459101490553132,44.56232925861098,Moderate
Rajasthan,Rajsamand,"Dhoinda, Rajsamand - RSPCB",57.0,119.57142857142857,0.14285714285714285,7,2.0794415416798357,44.421035476215415,Moderate
Uttar_Pradesh,Lucknow,"Lalbagh, Lucknow - CPCB",67.85714285714286,100.57142857142857,0.14285714285714285,7,2.0794415416798357,44.413340821074904,Moderate
West_Bengal,Durgapur,"Sidhu Kanhu Indoor Stadium, Durgapur - WBPCB",75.71428571428571,84.0,0.14285714285714285,7,2.0794415416798357,44.06481098700388,Moderate
Maharashtra,Mumbai,"Deonar, Mumbai - IITM",89.0,107.66666666666667,0.0,6,1.9459101490553132,44.02784117541827,Moderate
Rajasthan,Kota,"Dhanmandi, Kota - RSPCB",73.42857142857143,122.57142857142857,0.0,7,2.0794415416798357,43.983078292886894,Moderate
Rajasthan,Jalore,"Mudtra Sili, Jalore - RSPCB",69.28571428571429,129.0,0.0,7,2.0794415416798357,43.88616490909668,Moderate
Rajasthan,Jaipur,"RIICO Sitapura, Jaipur - RSPCB",70.57142857142857,126.0,0.0,7,2.0794415416798357,43.79408676314482,Moderate
Rajasthan,Churu,"Subash Chowk, Churu - RSPCB",63.857142857142854,100.57142857142857,0.14285714285714285,7,2.0794415416798357,43.565284283976915,Moderate
Gujarat,Ahmedabad,"Raikhad, Ahmedabad - IITM",75.57142857142857,111.71428571428571,0.0,7,2.0794415416798357,43.11764435279385,Moderate
West_Bengal,Durgapur,"Mahishkapur Road_B-Zone, Durgapur - WBPCB",69.71428571428571,86.0,0.14285714285714285,7,2.0794415416798357,43.035838012798195,Moderate
Uttar_Pradesh,Noida,"Sector - 125, Noida - UPPCB",59.57142857142857,67.57142857142857,0.2857142857142857,7,2.0794415416798357,42.93102134044794,Moderate
Delhi,Delhi,"Nehru Nagar, Delhi - DPCC",75.42857142857143,71.42857142857143,0.14285714285714285,7,2.0794415416798357,42.47610400815169,Moderate
Rajasthan,Bikaner,"MM Ground, Bikaner - RSPCB",56.857142857142854,136.85714285714286,0.0,7,2.0794415416798357,42.20621429234728,Moderate
Delhi,Delhi,"Jahangirpuri, Delhi - DPCC",72.85714285714286,72.85714285714286,0.14285714285714285,7,2.0794415416798357,42.1045761139039,Moderate
Bihar,Patna,"Govt. High School Shikarpur, Patna - BSPCB",68.71428571428571,78.14285714285714,0.14285714285714285,7,2.0794415416798357,41.86874168357581,Moderate
Madhya Pradesh,Katni,"Gole Bazar, Katni - MPPCB",60.285714285714285,92.14285714285714,0.14285714285714285,7,2.0794415416798357,41.783548229065474,Moderate
West_Bengal,Haldia,"Priyambada Housing Estate, Haldia - WBPCB",58.0,131.0,0.0,7,2.0794415416798357,41.73654579658295,Moderate
Maharashtra,Mumbai,"Kherwadi_Bandra East, Mumbai - MPCB",67.28571428571429,79.42857142857143,0.14285714285714285,7,2.0794415416798357,41.722150526253074,Moderate
West_Bengal,Barrackpore,"SVSPA Campus, Barrackpore - WBPCB",68.42857142857143,77.42857142857143,0.14285714285714285,7,2.0794415416798357,41.72134056255407,Moderate
Rajasthan,Hanumangarh,"Housing Board, Hanumangarh - RSPCB",59.0,127.14285714285714,0.0,7,2.0794415416798357,41.479701398792116,Moderate
West_Bengal,Asansol,"Trivenidevi Bhalotia College, Asansol - WBPCB",74.28571428571429,64.42857142857143,0.14285714285714285,7,2.0794415416798357,41.38291073036493,Moderate
Maharashtra,Navi Mumbai,"Kopripada-Vashi, Navi Mumbai - MPCB",59.57142857142857,124.57142857142857,0.0,7,2.0794415416798357,41.28827997795304,Moderate
Odisha,Bhubaneswar,"Lingraj Mandir, Bhubaneswar - OSPCB",71.14285714285714,103.42857142857143,0.0,7,2.0794415416798357,41.17154702789293,Moderate
West_Bengal,Kolkata,"Ballygunge, Kolkata - WBPCB",69.42857142857143,104.14285714285714,0.0,7,2.0794415416798357,40.894919880365684,Moderate
Odisha,Balasore,"Kalidaspur, Balasore - OSPCB",74.0,60.0,0.14285714285714285,7,2.0794415416798357,40.78401620809509,Moderate
Gujarat,Ankleshwar,"GIDC, Ankleshwar - GPCB",69.28571428571429,67.71428571428571,0.14285714285714285,7,2.0794415416798357,40.722238067788844,Moderate
Assam,Guwahati,"Railway Colony, Guwahati - PCBA",60.333333333333336,130.16666666666666,0.0,6,1.9459101490553132,40.685110763263836,Moderate
Karnataka,Bengaluru,"Hombegowda Nagar, Bengaluru - KSPCB",49.42857142857143,135.71428571428572,0.0,7,2.0794415416798357,40.49233110548459,Moderate
Rajasthan,Jhunjhunu,"Indra Nagar, Jhunjhunu - RSPCB",59.857142857142854,115.57142857142857,0.0,7,2.0794415416798357,40.25485220340284,Moderate
Rajasthan,Jodhpur,"Jhalamand, Jodhpur - RSPCB",57.57142857142857,117.42857142857143,0.0,7,2.0794415416798357,39.99599516854233,Moderate
Gujarat,Ahmedabad,"SAC ISRO Satellite, Ahmedabad - IITM",84.25,112.25,0.0,4,1.6094379124341003,39.93720411685009,Moderate
West_Bengal,Kolkata,"Fort William, Kolkata - WBPCB",70.71428571428571,92.0,0.0,7,2.0794415416798357,39.69147336211082,Moderate
Delhi,Delhi,"Aya Nagar, Delhi - IMD",61.0,132.2,0.0,5,1.791759469228055,39.405674055925275,Moderate
Maharashtra,Pimpri-Chinchwad,"Thergaon, Pimpri Chinchwad - MPCB",64.0,98.0,0.0,7,2.0794415416798357,38.99728538344878,Moderate
Delhi,Delhi,"Najafgarh, Delhi - DPCC",65.85714285714286,59.42857142857143,0.14285714285714285,7,2.0794415416798357,38.98815487716241,Moderate
Rajasthan,Dausa,"Khatikan Mohalla, Dausa - RSPCB",53.42857142857143,115.57142857142857,0.0,7,2.0794415416798357,38.89190419735252,Moderate
Gujarat,Gandhinagar,"GIFT City, Gandhinagar - IITM",61.857142857142854,65.14285714285714,0.14285714285714285,7,2.0794415416798357,38.8347035727538,Moderate
Rajasthan,Jodhpur,"Digari Kalan, Jodhpur - RSPCB",59.42857142857143,103.85714285714286,0.0,7,2.0794415416798357,38.74004827598627,Moderate
Maharashtra,Solapur,"Ratandeep Housing Society, Solapur - MPCB",62.166666666666664,110.83333333333333,0.0,6,1.9459101490553132,38.723722305501354,Moderate
Rajasthan,Sikar,"Radhakishan Pura, Sikar - RSPCB",52.714285714285715,113.85714285714286,0.0,7,2.0794415416798357,38.53208396020678,Moderate
West_Bengal,Kolkata,"Rabindra Sarobar, Kolkata - WBPCB",64.28571428571429,93.28571428571429,0.0,7,2.0794415416798357,38.48481153341561,Moderate
Delhi,Delhi,"Mundka, Delhi - DPCC",73.0,78.0,0.0,7,2.0794415416798357,38.47429427750641,Moderate
Delhi,Delhi,"Chandni Chowk, Delhi - IITM",65.42857142857143,54.857142857142854,0.14285714285714285,7,2.0794415416798357,38.34160749060756,Moderate
Rajasthan,Jaipur,"Shastri Nagar, Jaipur - RSPCB",61.42857142857143,96.85714285714286,0.0,7,2.0794415416798357,38.313185134490766,Moderate
Delhi,Delhi,"Sonia Vihar, Delhi - DPCC",66.0,53.142857142857146,0.14285714285714285,7,2.0794415416798357,38.254376854671875,Moderate
Delhi,Delhi,"NSIT Dwarka, Delhi - CPCB",68.85714285714286,47.857142857142854,0.14285714285714285,7,2.0794415416798357,38.2176216837899,Moderate
Gujarat,Vatva,"Phase-4 GIDC, Vatva - GPCB",69.0,82.0,0.0,7,2.0794415416798357,38.112461403291,Moderate
Rajasthan,Bhilwara,"Pratap Nagar, Bhilwara - RSPCB",54.57142857142857,107.0,0.0,7,2.0794415416798357,38.09229821606073,Moderate
Maharashtra,Mumbai,"Byculla, Mumbai - BMC",55.0,70.85714285714286,0.14285714285714285,7,2.0794415416798357,38.07549759898951,Moderate
Delhi,Delhi,"Wazirpur, Delhi - DPCC",74.85714285714286,71.0,0.0,7,2.0794415416798357,38.01714340254313,Moderate
Maharashtra,Sangli,"Vijay Nagar, Sangli - MPCB",67.42857142857143,83.71428571428571,0.0,7,2.0794415416798357,37.98767790495217,Moderate
Rajasthan,Jaipur,"Mansarovar Sector-12, Jaipur - RSPCB",59.857142857142854,96.42857142857143,0.0,7,2.0794415416798357,37.92792467389343,Moderate
West_Bengal,Kolkata,"Rabindra Bharati University, Kolkata - WBPCB",56.857142857142854,100.71428571428571,0.0,7,2.0794415416798357,37.812836195586975,Moderate
Maharashtra,Mumbai,"Sion, Mumbai - MPCB",62.666666666666664,59.666666666666664,0.16666666666666666,6,1.9459101490553132,37.61011834409915,Moderate
Rajasthan,Jodhpur,"Mandor, Jodhpur - RSPCB",54.142857142857146,103.57142857142857,0.0,7,2.0794415416798357,37.58467187604375,Moderate
Maharashtra,Mumbai,"Malad West, Mumbai - IITM",65.14285714285714,83.57142857142857,0.0,7,2.0794415416798357,37.48570903865038,Moderate
Rajasthan,Barmer,"Railway Colony, Barmer - RSPCB",53.42857142857143,103.57142857142857,0.0,7,2.0794415416798357,37.43323320870483,Moderate
Maharashtra,Pune,"Karve Road, Pune - MPCB",61.833333333333336,99.66666666666667,0.0,6,1.9459101490553132,37.29567653519604,Moderate
Odisha,Angul,"Hakimapada, Angul - OSPCB",53.857142857142854,64.28571428571429,0.14285714285714285,7,2.0794415416798357,37.034399713654444,Moderate
Jharkhand,Dhanbad,"Sardar Patel Nagar, Dhanbad - JSPCB",56.0,66.16666666666667,0.16666666666666666,6,1.9459101490553132,36.98680423445335,Moderate
Madhya Pradesh,Pithampur,"Sector-2 Industrial Area, Pithampur - MPPCB",60.0,88.42857142857143,0.0,7,2.0794415416798357,36.98576508159609,Moderate
Bihar,Patna,"Samanpura, Patna - BSPCB",61.42857142857143,49.142857142857146,0.14285714285714285,7,2.0794415416798357,36.7989457208202,Moderate
Rajasthan,Dungarpur,"Bhoiwada, Dungarpur - RSPCB",60.285714285714285,86.14285714285714,0.0,7,2.0794415416798357,36.76849845545591,Moderate
Rajasthan,Udaipur,"Ashok Nagar, Udaipur - RSPCB",63.42857142857143,79.42857142857143,0.0,7,2.0794415416798357,36.618667443337166,Moderate
Himachal Pradesh,Baddi,"HIMUDA Complex Phase-1, Baddi - HPPCB",50.0,66.28571428571429,0.14285714285714285,7,2.0794415416798357,36.459742741465526,Moderate
Rajasthan,Kota,"Nayapura, Kota - RSPCB",55.42857142857143,92.0,0.0,7,2.0794415416798357,36.45068588105783,Moderate
West_Bengal,Howrah,"Botanical Garden, Howrah - WBPCB",61.42857142857143,81.14285714285714,0.0,7,2.0794415416798357,36.40302074459498,Moderate
Rajasthan,Bhiwadi,"RIICO Ind. Area III, Bhiwadi - RSPCB",57.0,53.285714285714285,0.14285714285714285,7,2.0794415416798357,36.36361477701866,Moderate
West_Bengal,Asansol,"Asansol Court Area, Asansol - WBPCB",65.71428571428571,72.28571428571429,0.0,7,2.0794415416798357,36.235014637960006,Moderate
Delhi,Delhi,"Sri Aurobindo Marg, Delhi - DPCC",62.714285714285715,77.0,0.0,7,2.0794415416798357,36.17202155210526,Moderate
Madhya Pradesh,Bhopal,"T T Nagar, Bhopal - MPPCB",55.142857142857146,54.714285714285715,0.14285714285714285,7,2.0794415416798357,36.1435255501098,Moderate
Delhi,Delhi,"Bawana, Delhi - DPCC",59.42857142857143,82.14285714285714,0.0,7,2.0794415416798357,36.10054839176664,Moderate
Maharashtra,Mumbai,"Borivali East, Mumbai - IITM",71.16666666666667,73.0,0.0,6,1.9459101490553132,36.032984035874236,Moderate
Maharashtra,Bhiwandi,"Gokul Nagar, Bhiwandi - MPCB",61.142857142857146,78.0,0.0,7,2.0794415416798357,35.960412399680266,Moderate
Telangana,Hyderabad,"Zoo Park, Hyderabad - TSPCB",57.857142857142854,48.0,0.14285714285714285,7,2.0794415416798357,35.9028313375877,Moderate
Maharashtra,Belapur,"CBD Belapur, Belapur - MPCB",72.83333333333333,68.5,0.0,6,1.9459101490553132,35.839339305588844,Moderate
Gujarat,Surat,"Science Center, Surat - SMC",53.6,66.2,0.2,5,1.791759469228055,35.81407901573173,Moderate
Maharashtra,Navi Mumbai,"Sanpada, Navi Mumbai - MPCB",48.57142857142857,98.42857142857143,0.0,7,2.0794415416798357,35.7783055613797,Moderate
Gujarat,Gandhinagar,"IIPHG Lekawada, Gandhinagar - IITM",58.285714285714285,81.28571428571429,0.0,7,2.0794415416798357,35.75405573912096,Moderate
Maharashtra,Nagpur,"Mahal, Nagpur - MPCB",56.42857142857143,84.28571428571429,0.0,7,2.0794415416798357,35.724982951201675,Moderate
Maharashtra,Mumbai,"Mazgaon, Mumbai - IITM",65.42857142857143,68.42857142857143,0.0,7,2.0794415416798357,35.705580638959105,Moderate
West_Bengal,Kolkata,"Victoria, Kolkata - WBPCB",60.42857142857143,76.42857142857143,0.0,7,2.0794415416798357,35.61795729335176,Moderate
Chhattisgarh,Kunjemura,"OP Jindal School, Kunjemura - CECB",41.142857142857146,109.57142857142857,0.0,7,2.0794415416798357,35.55782362479917,Moderate
Andhra_Pradesh,Visakhapatnam,"GVM Corporation, Visakhapatnam - APPCB",41.142857142857146,108.57142857142857,0.0,7,2.0794415416798357,35.43626770907853,Moderate
Delhi,Delhi,"Dwarka-Sector 8, Delhi - DPCC",62.857142857142854,70.14285714285714,0.0,7,2.0794415416798357,35.36878300634579,Moderate
Odisha,Suakati,"OMC Colony, Suakati - OSPCB",48.142857142857146,95.14285714285714,0.0,7,2.0794415416798357,35.28804435217996,Moderate
Rajasthan,Jaipur,"Adarsh Nagar, Jaipur - RSPCB",59.285714285714285,75.28571428571429,0.0,7,2.0794415416798357,35.2367343790716,Moderate
Maharashtra,Pimpri-Chinchwad,"Gavalinagar, Pimpri Chinchwad - MPCB",58.714285714285715,76.0,0.0,7,2.0794415416798357,35.20240909928663,Moderate
Telangana,Hyderabad,"ICRISAT Patancheru, Hyderabad - TSPCB",57.142857142857146,78.42857142857143,0.0,7,2.0794415416798357,35.16445125503399,Moderate
West_Bengal,Asansol,"Evelyn Lodge, Asansol - WBPCB",59.142857142857146,74.71428571428571,0.0,7,2.0794415416798357,35.13698612233488,Moderate
Delhi,Delhi,"Punjabi Bagh, Delhi - DPCC",59.0,72.71428571428571,0.0,7,2.0794415416798357,34.863586557425805,Moderate
Rajasthan,Bundi,"New Colony, Bundi - RSPCB",48.57142857142857,90.85714285714286,0.0,7,2.0794415416798357,34.85795362806628,Moderate
TamilNadu,Gummidipoondi,"Anthoni Pillai Nagar, Gummidipoondi - TNPCB",53.8,107.2,0.0,5,1.791759469228055,34.84027439613289,Moderate
Rajasthan,Karauli,"Satyawati Vihar, Karauli - RSPCB",51.666666666666664,97.16666666666667,0.0,6,1.9459101490553132,34.836309714103734,Moderate
Rajasthan,Chittorgarh,"Shastri Nagar, Chittorgarh - RSPCB",55.142857142857146,78.85714285714286,0.0,7,2.0794415416798357,34.7925183789367,Moderate
Bihar,Begusarai,"Lohiyanagar, Begusarai - BSPCB",58.142857142857146,37.714285714285715,0.14285714285714285,7,2.0794415416798357,34.71311738568239,Moderate
Rajasthan,Sirohi,"Vedhaynath Colony, Sirohi - RSPCB",42.714285714285715,98.57142857142857,0.0,7,2.0794415416798357,34.55387362001775,Moderate
Maharashtra,Aurangabad,"More Chowk Waluj, Aurangabad - MPCB",53.5,50.333333333333336,0.16666666666666666,6,1.9459101490553132,34.53213356652364,Moderate
Odisha,Rourkela,"Sector-2, Rourkela - OSPCB",76.0,102.0,0.0,3,1.3862943611198906,34.52767866303538,Moderate
Maharashtra,Pune,"Panchawati_Pashan, Pune - IITM",59.8,44.8,0.2,5,1.791759469228055,34.52727005181188,Moderate
Uttar_Pradesh,Ghaziabad,"Vasundhara, Ghaziabad - UPPCB",42.166666666666664,109.83333333333333,0.0,6,1.9459101490553132,34.36188370429082,Moderate
Bihar,Hajipur,"Industrial Area, Hajipur - BSPCB",71.85714285714286,46.0,0.0,7,2.0794415416798357,34.34220310670363,Moderate
West_Bengal,Howrah,"Belur Math, Howrah - WBPCB",52.714285714285715,79.0,0.0,7,2.0794415416798357,34.29499204080159,Moderate
Maharashtra,Navi Mumbai,"Sector-2E Kalamboli, Navi Mumbai - MPCB",56.857142857142854,71.71428571428571,0.0,7,2.0794415416798357,34.287714639688396,Moderate
Maharashtra,Pune,"Transport Nagar-Nigdi, Pune - IITM",75.6,64.6,0.0,5,1.791759469228055,34.283900513617574,Moderate
Madhya Pradesh,Ujjain,"Mahakaleshwar Temple, Ujjain - MPPCB",55.0,74.14285714285714,0.0,7,2.0794415416798357,34.189181328500176,Moderate
Rajasthan,Pratapgarh,"Pragati Nagar, Pratapgarh - RSPCB",47.285714285714285,86.42857142857143,0.0,7,2.0794415416798357,34.04704497152195,Moderate
Delhi,Delhi,"Mandir Marg, Delhi - DPCC",62.42857142857143,24.142857142857142,0.14285714285714285,7,2.0794415416798357,33.97206196207867,Moderate
West_Bengal,Durgapur,"PCBL Residential Complex, Durgapur - WBPCB",64.28571428571429,56.0,0.0,7,2.0794415416798357,33.952512390117434,Moderate
Madhya Pradesh,Gwalior,"Deen Dayal Nagar, Gwalior - MPPCB",50.0,79.85714285714286,0.0,7,2.0794415416798357,33.82371588981708,Moderate
Delhi,Delhi,"DTU, Delhi - CPCB",51.857142857142854,40.42857142857143,0.14285714285714285,7,2.0794415416798357,33.71039459862731,Moderate
Delhi,Delhi,"Anand Vihar, Delhi - DPCC",69.0,71.2,0.0,5,1.791759469228055,33.68687627116215,Moderate
Assam,Nalbari,"Bata Chowk, Nalbari - PCBA",40.285714285714285,95.42857142857143,0.0,7,2.0794415416798357,33.65694927308625,Moderate
Maharashtra,Solapur,"Solapur, Solapur - MPCB",67.5,28.0,0.25,4,1.6094379124341003,33.644881457038316,Moderate
Maharashtra,Pimpri-Chinchwad,"Park Street Wakad, Pimpri Chinchwad - MPCB",57.857142857142854,64.0,0.0,7,2.0794415416798357,33.562011709832234,Moderate
Karnataka,Bengaluru,"Silk Board, Bengaluru - KSPCB",45.857142857142854,84.42857142857143,0.0,7,2.0794415416798357,33.50105580540282,Moderate
Delhi,Delhi,"R K Puram, Delhi - DPCC",56.714285714285715,65.42857142857143,0.0,7,2.0794415416798357,33.4933611502623,Moderate
Delhi,Delhi,"Sirifort, Delhi - CPCB",55.285714285714285,32.42857142857143,0.14285714285714285,7,2.0794415416798357,33.464852876089026,Moderate
Bihar,Manguraha,"Forest Rest House, Manguraha - BSPCB",48.333333333333336,91.5,0.0,6,1.9459101490553132,33.44077907743846,Moderate
Rajasthan,Kota,"Shrinath Puram, Kota - RSPCB",48.57142857142857,78.85714285714286,0.0,7,2.0794415416798357,33.399282639418594,Moderate
Maharashtra,Mumbai,"Siddharth Nagar-Worli, Mumbai - IITM",69.66666666666667,53.166666666666664,0.0,6,1.9459101490553132,33.30410383933645,Moderate
Rajasthan,Jhalawar,"Rajlaxmi Nagar, Jhalawar - RSPCB",48.42857142857143,77.42857142857143,0.0,7,2.0794415416798357,33.19534359777846,Moderate
Rajasthan,Jaisalmer,"Sadar Bazar, Jaisalmer - RSPCB",48.285714285714285,77.57142857142857,0.0,7,2.0794415416798357,33.182420995127906,Moderate
Telangana,Hyderabad,"IDA Pashamylaram, Hyderabad - TSPCB",61.857142857142854,53.857142857142854,0.0,7,2.0794415416798357,33.177143958906576,Moderate
Tripura,Agartala,"Bardowali, Agartala - Tripura SPCB",46.42857142857143,45.0,0.14285714285714285,7,2.0794415416798357,33.11514491300298,Moderate
Maharashtra,Nashik,"MIDC Ambad, Nashik - MPCB",54.285714285714285,66.14285714285714,0.0,7,2.0794415416798357,33.06529533539613,Moderate
Delhi,Delhi,"Alipur, Delhi - DPCC",55.0,63.142857142857146,0.0,7,2.0794415416798357,32.852066255573135,Moderate
Maharashtra,Mira-Bhayandar,"Bhayandar West, Mira-Bhayandar - MPCB",43.857142857142854,82.42857142857143,0.0,7,2.0794415416798357,32.83391570541255,Moderate
Delhi,Delhi,"Rohini, Delhi - DPCC",57.714285714285715,58.142857142857146,0.0,7,2.0794415416798357,32.819753612857845,Moderate
Madhya Pradesh,Sagar,"Deen Dayal Nagar, Sagar - MPPCB",56.0,85.8,0.0,5,1.791759469228055,32.70540889511507,Moderate
Delhi,Delhi,"Patparganj, Delhi - DPCC",58.57142857142857,55.0,0.0,7,2.0794415416798357,32.61944713568539,Moderate
Delhi,Delhi,"Pusa, Delhi - IMD",63.8,71.0,0.0,5,1.791759469228055,32.560091589790645,Moderate
Delhi,Delhi,"Pusa, Delhi - DPCC",56.57142857142857,57.857142857142854,0.0,7,2.0794415416798357,32.54272148348109,Moderate
Delhi,Delhi,"Dr. Karni Singh Shooting Range, Delhi - DPCC",62.0,45.57142857142857,0.0,7,2.0794415416798357,32.20025410497476,Moderate
Madhya Pradesh,Bhopal,"Paryavaran Parisar, Bhopal - MPPCB",41.142857142857146,81.85714285714286,0.0,7,2.0794415416798357,32.1889882462557,Moderate
Haryana,Gurugram,"Sector-51, Gurugram - HSPCB",54.42857142857143,22.714285714285715,0.14285714285714285,7,2.0794415416798357,32.10229757971037,Moderate
Delhi,Delhi,"Major Dhyan Chand National Stadium, Delhi - DPCC",56.42857142857143,54.0,0.0,7,2.0794415416798357,32.043575217947975,Moderate
Gujarat,Ahmedabad,"SAC ISRO Bopal, Ahmedabad - IITM",42.714285714285715,77.71428571428571,0.0,7,2.0794415416798357,32.01856452070153,Moderate
West_Bengal,Kolkata,"Bidhannagar, Kolkata - WBPCB",47.714285714285715,68.57142857142857,0.0,7,2.0794415416798357,31.967266819771005,Moderate
Punjab,Rupnagar,"Ratanpura, Rupnagar - Ambuja Cements",54.333333333333336,118.33333333333333,0.0,3,1.3862943611198906,31.9194523771918,Moderate
Rajasthan,Bhiwadi,"Vasundhara Nagar_UIT, Bhiwadi - RSPCB",53.57142857142857,56.714285714285715,0.0,7,2.0794415416798357,31.76775803411973,Moderate
Maharashtra,Nagpur,"Opp GPO Civil Lines, Nagpur - MPCB",41.857142857142854,76.28571428571429,0.0,7,2.0794415416798357,31.663186811722476,Moderate
Maharashtra,Navi Mumbai,"Tondare-Taloja, Navi Mumbai - MPCB",49.42857142857143,63.0,0.0,7,2.0794415416798357,31.653479519512285,Moderate
Maharashtra,Mumbai,"Shivaji Nagar, Mumbai - BMC",42.714285714285715,74.57142857142857,0.0,7,2.0794415416798357,31.636531642722375,Moderate
Madhya Pradesh,Gwalior,"Maharaj Bada, Gwalior - MPPCB",41.714285714285715,76.0,0.0,7,2.0794415416798357,31.598168816620227,Moderate
Haryana,Panchgaon,"Amity University, Panchgaon - IITM",55.142857142857146,52.0,0.0,7,2.0794415416798357,31.527873785296634,Moderate
Delhi,Delhi,"Ashok Vihar, Delhi - DPCC",53.333333333333336,66.5,0.0,6,1.9459101490553132,31.46195185579491,Moderate
Uttar_Pradesh,Lucknow,"Talkatora District Industries Center, Lucknow - CPCB",51.857142857142854,57.142857142857146,0.0,7,2.0794415416798357,31.456400624958015,Moderate
Haryana,Faridabad,"Sector 11, Faridabad - HSPCB",45.42857142857143,68.28571428571429,0.0,7,2.0794415416798357,31.447932822651982,Moderate
Uttar_Pradesh,Noida,"Sector-116, Noida - UPPCB",55.57142857142857,50.285714285714285,0.0,7,2.0794415416798357,31.410355415893175,Moderate
TamilNadu,Coimbatore,"SIDCO Kurichi, Coimbatore - TNPCB",45.285714285714285,67.57142857142857,0.0,7,2.0794415416798357,31.330819435098018,Moderate
Maharashtra,Mumbai,"Chembur, Mumbai - MPCB",56.142857142857146,48.57142857142857,0.0,7,2.0794415416798357,31.3231247799575,Moderate
Bihar,Kishanganj,"SDM Office_Khagra, Kishanganj - BSPCB",47.57142857142857,27.857142857142858,0.14285714285714285,7,2.0794415416798357,31.273631082677134,Moderate
Delhi,Delhi,"IHBAS, Dilshad Garden, Delhi - CPCB",52.142857142857146,55.0,0.0,7,2.0794415416798357,31.256499129635074,Moderate
Odisha,Baripada,"Meher Colony, Baripada - OSPCB",48.285714285714285,61.0,0.0,7,2.0794415416798357,31.16806582032872,Moderate
Assam,Guwahati,"Pan Bazaar, Guwahati - PCBA",38.333333333333336,90.16666666666667,0.0,6,1.9459101490553132,31.158563180399323,Moderate
Maharashtra,Pune,"Dhankawadi, Pune - IITM",55.8,73.0,0.0,5,1.791759469228055,31.10709034703597,Moderate
Delhi,Delhi,"Vivek Vihar, Delhi - DPCC",56.142857142857146,46.142857142857146,0.0,7,2.0794415416798357,31.027917556064516,Moderate
Maharashtra,Nashik,"Pandav Nagari, Nashik - MPCB",46.142857142857146,63.57142857142857,0.0,7,2.0794415416798357,31.02632217302217,Moderate
Bihar,Aurangabad,"Gurdeo Nagar, Aurangabad - BSPCB",36.142857142857146,80.42857142857143,0.0,7,2.0794415416798357,30.95526626671088,Moderate
Maharashtra,Mahad,"Kamble Tarf Birwadi, Mahad - MPCB",48.714285714285715,58.42857142857143,0.0,7,2.0794415416798357,30.946356666021856,Moderate
Odisha,Rourkela,"Raghunathpali, Rourkela - OSPCB",53.857142857142854,48.285714285714285,0.0,7,2.0794415416798357,30.80379078283847,Moderate
Rajasthan,Ajmer,"Civil Lines,  Ajmer - RSPCB",48.0,58.142857142857146,0.0,7,2.0794415416798357,30.760187737048465,Moderate
Karnataka,Bengaluru,"Bapuji Nagar, Bengaluru - KSPCB",52.42857142857143,50.285714285714285,0.0,7,2.0794415416798357,30.744025279601907,Moderate
Madhya Pradesh,Indore,"Residency Area, Indore - IMC",42.833333333333336,78.66666666666667,0.0,6,1.9459101490553132,30.714733753847185,Moderate
Telangana,Hyderabad,"Central University, Hyderabad - TSPCB",46.142857142857146,60.285714285714285,0.0,7,2.0794415416798357,30.626924164225777,Moderate
Maharashtra,Nashik,"Gangapur Road, Nashik - MPCB",44.0,63.714285714285715,0.0,7,2.0794415416798357,30.589371301822627,Moderate
Maharashtra,Pune,"Savitribai Phule Pune University, Pune - MPCB",44.142857142857146,62.857142857142854,0.0,7,2.0794415416798357,30.515468250387006,Moderate
Delhi,Delhi,"ITO, Delhi - CPCB",51.142857142857146,50.57142857142857,0.0,7,2.0794415416798357,30.506165940026307,Moderate
Madhya Pradesh,Singrauli,"Suryakiran Bhawan NCL, Singrauli - MPPCB",49.57142857142857,52.285714285714285,0.0,7,2.0794415416798357,30.38138244168749,Moderate
Maharashtra,Thane,"Kasarvadavali, Thane - MPCB",46.857142857142854,56.857142857142854,0.0,7,2.0794415416798357,30.361599691951074,Moderate
Madhya Pradesh,Jabalpur,"Suhagi, Jabalpur - JMC",39.57142857142857,69.28571428571429,0.0,7,2.0794415416798357,30.327691666193434,Moderate
Delhi,Delhi,"Jawaharlal Nehru Stadium, Delhi - DPCC",52.285714285714285,47.0,0.0,7,2.0794415416798357,30.31433953733773,Moderate
Odisha,Nayagarh,"Dabuna, Nayagarh - OSPCB",56.0,66.0,0.0,5,1.791759469228055,30.298601763846385,Moderate
West_Bengal,Asansol,"Mahabir Colliery, Asansol - WBPCB",52.857142857142854,45.857142857142854,0.0,7,2.0794415416798357,30.296569424670995,Moderate
Maharashtra,Aurangabad,"Rachnakar Colony, Aurangabad - MPCB",42.285714285714285,64.0,0.0,7,2.0794415416798357,30.26064876184368,Moderate
Uttar_Pradesh,Lucknow,"Kendriya Vidyalaya, Lucknow - CPCB",56.42857142857143,38.857142857142854,0.0,7,2.0794415416798357,30.202871351321136,Moderate
Maharashtra,Mumbai,"Mindspace-Malad West, Mumbai - MPCB",47.57142857142857,53.714285714285715,0.0,7,2.0794415416798357,30.13100548131084,Moderate
Maharashtra,Nagpur,"Ram Nagar, Nagpur - MPCB",39.857142857142854,66.71428571428571,0.0,7,2.0794415416798357,30.075694778418782,Moderate
Maharashtra,Badlapur,"Katrap, Badlapur - MPCB",45.57142857142857,56.714285714285715,0.0,7,2.0794415416798357,30.071644959923777,Moderate
Maharashtra,Nagpur,"Ambazari, Nagpur - MPCB",40.714285714285715,65.0,0.0,7,2.0794415416798357,30.04903960941868,Moderate
Karnataka,Bengaluru,"Jigani, Bengaluru - KSPCB",55.0,65.2,0.0,5,1.791759469228055,29.989342896995375,Moderate
Gujarat,Vapi,"Phase-1 GIDC, Vapi - GPCB",33.8,52.0,0.2,5,1.791759469228055,29.890105153863633,Moderate
Gujarat,Ahmedabad,"Maninagar, Ahmedabad - GPCB",55.0,50.5,0.0,6,1.9459101490553132,29.870414094722154,Moderate
Uttar_Pradesh,Baghpat,"Sardar Patel Inter College, Baghpat - UPPCB",46.714285714285715,52.42857142857143,0.0,7,2.0794415416798357,29.792992903149024,Moderate
Rajasthan,Baran,"Bamboliya, Baran - RSPCB",42.142857142857146,60.285714285714285,0.0,7,2.0794415416798357,29.7788676271278,Moderate
Maharashtra,Nashik,"Hirawadi, Nashik - MPCB",46.0,53.42857142857143,0.0,7,2.0794415416798357,29.763110151530743,Moderate
West_Bengal,Siliguri,"Ward-32 Bapupara, Siliguri - WBPCB",59.714285714285715,29.428571428571427,0.0,7,2.0794415416798357,29.753390587142714,Moderate
Assam,Guwahati,"LGBI Airport, Guwahati - PCBA",45.166666666666664,66.0,0.0,6,1.9459101490553132,29.669725134692886,Moderate
Uttar_Pradesh,Agra,"Shahjahan Garden, Agra - UPPCB",36.714285714285715,33.142857142857146,0.14285714285714285,7,2.0794415416798357,29.61427317936315,Moderate
TamilNadu,Dindigul,"Mendonsa Colony, Dindigul - TNPCB",43.333333333333336,68.5,0.0,6,1.9459101490553132,29.58492234449125,Moderate
Odisha,Bileipada,"Tata Township, Bileipada - OSPCB",48.142857142857146,48.142857142857146,0.0,7,2.0794415416798357,29.574916313309842,Moderate
Delhi,Delhi,"IGI Airport (T3), Delhi - IMD",62.4,48.8,0.0,5,1.791759469228055,29.564730472808126,Moderate
Maharashtra,Mumbai,"Ghatkopar, Mumbai - BMC",41.142857142857146,60.142857142857146,0.0,7,2.0794415416798357,29.54948836203607,Moderate
Maharashtra,Aurangabad,"MIDC Chilkalthana, Aurangabad - MPCB",38.0,65.57142857142857,0.0,7,2.0794415416798357,29.543033196799705,Moderate
Maharashtra,Navi Mumbai,"Mahape, Navi Mumbai - MPCB",52.57142857142857,40.142857142857146,0.0,7,2.0794415416798357,29.541388725046048,Moderate
Uttar_Pradesh,Muzaffarnagar,"New Mandi, Muzaffarnagar - UPPCB",53.57142857142857,37.857142857142854,0.0,7,2.0794415416798357,29.47556076624479,Moderate
Odisha,Brajrajnagar,"GM Office, Brajrajnagar - OSPCB",43.42857142857143,55.142857142857146,0.0,7,2.0794415416798357,29.426312518917424,Moderate
Delhi,Delhi,"Shadipur, Delhi - CPCB",50.714285714285715,42.142857142857146,0.0,7,2.0794415416798357,29.390760021406127,Moderate
Rajasthan,Alwar,"Moti Doongri, Alwar - RSPCB",41.714285714285715,56.42857142857143,0.0,7,2.0794415416798357,29.219145894659114,Moderate
Karnataka,Davanagere,"Devaraj Urs Badavane, Davanagere - KSPCB",40.142857142857146,58.42857142857143,0.0,7,2.0794415416798357,29.129092657954757,Moderate
Maharashtra,Mumbai,"Vile Parle West, Mumbai - MPCB",57.714285714285715,27.0,0.0,7,2.0794415416798357,29.034155094700743,Moderate
Maharashtra,Mumbai,"Mulund West, Mumbai - MPCB",39.42857142857143,23.428571428571427,0.14285714285714285,7,2.0794415416798357,29.008911219679124,Moderate
Chhattisgarh,Bhilai,"Hathkhoj, Bhilai - CECB",34.142857142857146,67.42857142857143,0.0,7,2.0794415416798357,28.95101109379356,Moderate
Madhya Pradesh,Gwalior,"City Center, Gwalior - MPPCB",42.0,65.16666666666667,0.0,6,1.9459101490553132,28.897050446389787,Moderate
Odisha,Barbil,"Forest Office, Barbil - OSPCB",36.57142857142857,62.42857142857143,0.0,7,2.0794415416798357,28.858122984142696,Moderate
Haryana,Gurugram,"NISE Gwal Pahari, Gurugram - IMD",60.2,45.6,0.0,5,1.791759469228055,28.70932044709819,Moderate
Karnataka,Bengaluru,"Hebbal, Bengaluru - KSPCB",40.857142857142854,53.285714285714285,0.0,7,2.0794415416798357,28.655386615873248,Moderate
Maharashtra,Mumbai,"Navy Nagar-Colaba, Mumbai - IITM",49.333333333333336,50.333333333333336,0.0,6,1.9459101490553132,28.648741347879913,Moderate
Chhattisgarh,Raipur,"Siltara Phase-II, Raipur - CECB",38.142857142857146,57.714285714285715,0.0,7,2.0794415416798357,28.6182387353196,Moderate
Maharashtra,Ulhasnagar,"Sidhi Vinayak Nagar, Ulhasnagar - MPCB",43.285714285714285,47.0,0.0,7,2.0794415416798357,28.406212328867277,Moderate
Maharashtra,Amravati,"Shri Shivaji Science College, Amaravati - MPCB",36.142857142857146,59.42857142857143,0.0,7,2.0794415416798357,28.402592036577424,Moderate
TamilNadu,Chennai,"Manali, Chennai - CPCB",41.142857142857146,15.285714285714286,0.14285714285714285,7,2.0794415416798357,28.382551564710184,Moderate
Maharashtra,Mumbai,"Kandivali East, Mumbai - MPCB",40.142857142857146,16.571428571428573,0.14285714285714285,7,2.0794415416798357,28.326823607790796,Moderate
Maharashtra,Pune,"Katraj Dairy, Pune - MPCB",44.57142857142857,43.714285714285715,0.0,7,2.0794415416798357,28.279403921280956,Moderate
Uttar_Pradesh,Khurja,"Kalindi Kunj, Khurja - UPPCB",36.0,23.142857142857142,0.14285714285714285,7,2.0794415416798357,28.247275354817813,Moderate
Chandigarh,Chandigarh,"Sector 22, Chandigarh - CPCC",45.714285714285715,41.285714285714285,0.0,7,2.0794415416798357,28.22649856513025,Moderate
Uttar_Pradesh,Greater Noida,"Knowledge Park - V, Greater Noida - UPPCB",46.714285714285715,39.0,0.0,7,2.0794415416798357,28.160670606328992,Moderate
Madhya Pradesh,Indore,"Regional Park, Indore - IMC",37.0,32.0,0.2,5,1.791759469228055,28.137432069129197,Moderate
Uttar_Pradesh,Bulandshahr,"Yamunapuram, Bulandshahr - UPPCB",46.142857142857146,39.714285714285715,0.0,7,2.0794415416798357,28.126345326544023,Moderate
Maharashtra,Jalgaon,"Prabhat Colony, Jalgaon - MPCB",43.714285714285715,43.42857142857143,0.0,7,2.0794415416798357,28.062947258839777,Moderate
Madhya Pradesh,Jabalpur,"Marhatal, Jabalpur - MPPCB",37.285714285714285,54.42857142857143,0.0,7,2.0794415416798357,28.037114325716495,Moderate
Manipur,Imphal,"DM College of Science, Imphal - Manipur PCB",32.714285714285715,27.0,0.14285714285714285,7,2.0794415416798357,28.01951601712409,Moderate
Maharashtra,Thane,"Upvan Fort, Thane - MPCB",41.285714285714285,46.857142857142854,0.0,7,2.0794415416798357,27.964818929501057,Moderate
Gujarat,Gandhinagar,"Sector-10, Gandhinagar - GPCB",36.42857142857143,54.714285714285715,0.0,7,2.0794415416798357,27.890118186544257,Moderate
Punjab,Amritsar,"Golden Temple, Amritsar - PPCB",36.714285714285715,54.142857142857146,0.0,7,2.0794415416798357,27.88123313021089,Moderate
Uttar_Pradesh,Ghaziabad,"Loni, Ghaziabad - UPPCB",49.285714285714285,32.142857142857146,0.0,7,2.0794415416798357,27.87232352952187,Moderate
Puducherry,Puducherry,"Jawahar Nagar, Puducherry - PPCC",27.0,70.42857142857143,0.0,7,2.0794415416798357,27.80129216756623,Moderate
Uttar_Pradesh,Meerut,"Ganga Nagar, Meerut - UPPCB",49.142857142857146,31.714285714285715,0.0,7,2.0794415416798357,27.78994040360238,Moderate
Uttar_Pradesh,Ghaziabad,"Indirapuram, Ghaziabad - UPPCB",48.0,33.42857142857143,0.0,7,2.0794415416798357,27.756020105666913,Moderate
Bihar,Buxar,"Charitra Van, Buxar - BSPCB",40.857142857142854,45.857142857142854,0.0,7,2.0794415416798357,27.75239981337706,Moderate
Madhya Pradesh,Dewas,"Bhopal Chauraha, Dewas - MPPCB",45.142857142857146,37.857142857142854,0.0,7,2.0794415416798357,27.68858449164548,Moderate
Maharashtra,Mumbai,"Worli, Mumbai - MPCB",42.57142857142857,42.285714285714285,0.0,7,2.0794415416798357,27.681724344559616,Moderate
Delhi,Delhi,"Lodhi Road, Delhi - IMD",53.4,48.0,0.0,5,1.791759469228055,27.559358531761163,Moderate
Karnataka,Tumakuru,"Thimmalapura, Tumakuru - KSPCB",52.0,24.285714285714285,0.0,7,2.0794415416798357,27.49270827046189,Moderate
Delhi,Delhi,"Burari Crossing, Delhi - IMD",57.0,40.6,0.0,5,1.791759469228055,27.4230956388166,Moderate
Andhra_Pradesh,Tirumala,"Toll Gate, Tirumala - APPCB (Formerly known as Tirumala, Tirupati - APPCB)",33.285714285714285,56.142857142857146,0.0,7,2.0794415416798357,27.397439358425334,Moderate
Uttar_Pradesh,Gorakhpur,"Madan Mohan Malaviya University of Technology, Gorakhpur - UPPCB",33.857142857142854,55.142857142857146,0.0,7,2.0794415416798357,27.397034376575828,Moderate
Odisha,Rairangpur,"Divisional Forest Office, Rairangpur - OSPCB",38.142857142857146,47.57142857142857,0.0,7,2.0794415416798357,27.38531444729596,Moderate
Maharashtra,Malegaon,"Mahesh Nagar, Malegaon - MPCB",45.0,61.0,0.0,5,1.791759469228055,27.35866670822374,Moderate
Maharashtra,Virar,"Bolinj, Virar - MPCB",40.857142857142854,42.57142857142857,0.0,7,2.0794415416798357,27.353001804580668,Moderate
Nagaland,Kohima,"PWD Juction, Kohima - NPCB",32.714285714285715,21.142857142857142,0.14285714285714285,7,2.0794415416798357,27.30754565361748,Moderate
Assam,Nagaon,"Christianpatty, Nagaon - PCBA",26.285714285714285,67.28571428571429,0.0,7,2.0794415416798357,27.267820622248152,Moderate
Bihar,Muzaffarpur,"Buddha Colony, Muzaffarpur - BSPCB",46.714285714285715,31.571428571428573,0.0,7,2.0794415416798357,27.257683803832798,Moderate
Chhattisgarh,Chhal,"Nawapara SECL Colony, Chhal - CECB",33.142857142857146,55.0,0.0,7,2.0794415416798357,27.228230578419677,Moderate
Madhya Pradesh,Bhopal,"Idgah Hills, Bhopal - MPPCB",37.857142857142854,46.285714285714285,0.0,7,2.0794415416798357,27.168452803005277,Moderate
Maharashtra,Boisar,"Khaira, Boisar - MPCB",45.142857142857146,32.714285714285715,0.0,7,2.0794415416798357,27.06343978222504,Moderate
Sikkim,Gangtok,"Zero Point GICI, Gangtok - SSPCB",49.5,37.0,0.0,6,1.9459101490553132,27.063331493983778,Moderate
Maharashtra,Nanded,"Sneh Nagar, Nanded - MPCB",37.142857142857146,46.0,0.0,7,2.0794415416798357,26.982283874031886,Moderate
Uttar_Pradesh,Greater Noida,"Knowledge Park - III, Greater Noida - UPPCB",36.142857142857146,47.57142857142857,0.0,7,2.0794415416798357,26.961286178746967,Moderate
Bihar,Bettiah,"Kamalnath Nagar, Bettiah - BSPCB",46.0,30.0,0.0,7,2.0794415416798357,26.9152286975043,Moderate
Karnataka,Ramanagara,"Vijay Nagar, Ramanagara - KSPCB",39.142857142857146,41.857142857142854,0.0,7,2.0794415416798357,26.902723348881075,Moderate
Odisha,Keonjhar,"Jagamohanpur, Keonjhar - OSPCB",35.714285714285715,46.42857142857143,0.0,7,2.0794415416798357,26.73150193180574,Moderate
Bihar,Patna,"Rajbansi Nagar, Patna - BSPCB",42.0,34.857142857142854,0.0,7,2.0794415416798357,26.65758660819229,Moderate
Punjab,Ludhiana,"Punjab Agricultural University, Ludhiana - PPCB",38.0,41.714285714285715,0.0,7,2.0794415416798357,26.643056350321565,Moderate
TamilNadu,Madurai,"Uchapatti, Madurai - TNPCB",26.428571428571427,61.42857142857143,0.0,7,2.0794415416798357,26.586137992209323,Moderate
Bihar,Patna,"DRM Office Danapur, Patna - BSPCB",41.57142857142857,34.857142857142854,0.0,7,2.0794415416798357,26.566723407788935,Moderate
Uttar_Pradesh,Noida,"Sector - 62, Noida - IMD",56.8,33.8,0.0,5,1.791759469228055,26.554112585061347,Moderate
Uttarakhand,Kashipur,"Govt. Girls Inter College, Kashipur - UKPCB",39.57142857142857,38.142857142857146,0.0,7,2.0794415416798357,26.54209314803634,Moderate
Maharashtra,Mumbai,"Vasai West, Mumbai - MPCB",44.714285714285715,28.571428571428573,0.0,7,2.0794415416798357,26.46898778812189,Moderate
Telangana,Hyderabad,"Kokapet, Hyderabad - TSPCB",46.0,26.285714285714285,0.0,7,2.0794415416798357,26.463735296256207,Moderate
Maharashtra,Kolhapur,"Shivaji University, Kolhapur - MPCB",35.57142857142857,44.0,0.0,7,2.0794415416798357,26.406006974444967,Moderate
Punjab,Jalandhar,"Civil Line, Jalandhar - PPCB",40.142857142857146,35.42857142857143,0.0,7,2.0794415416798357,26.333306596380023,Moderate
Rajasthan,Bharatpur,"Krishna Nagar, Bharatpur - RSPCB",37.142857142857146,40.42857142857143,0.0,7,2.0794415416798357,26.305043772159742,Moderate
Uttarakhand,Dehradun,"Doon University, Dehradun - UKPCB",38.166666666666664,50.5,0.0,6,1.9459101490553132,26.30150950110149,Moderate
Telangana,Hyderabad,"Bollaram Industrial Area, Hyderabad - TSPCB",41.857142857142854,31.857142857142858,0.0,7,2.0794415416798357,26.262631127562585,Moderate
Karnataka,Hassan,"B.Katihalli, Hassan - KSPCB",34.285714285714285,44.714285714285715,0.0,7,2.0794415416798357,26.22024302732108,Moderate
Telangana,Hyderabad,"Somajiguda, Hyderabad - TSPCB",43.42857142857143,28.285714285714285,0.0,7,2.0794415416798357,26.16166792527736,Moderate
Madhya Pradesh,Jabalpur,"Gupteshwar, Jabalpur - JMC",34.42857142857143,43.285714285714285,0.0,7,2.0794415416798357,26.07687945261652,Moderate
TamilNadu,Ranipet,"VOC Nagar_SIPCOT, Ranipet - TNPCB",33.166666666666664,57.166666666666664,0.0,6,1.9459101490553132,26.051811601199958,Moderate
Haryana,Faridabad,"Sector 30, Faridabad - HSPCB",51.714285714285715,12.285714285714286,0.0,7,2.0794415416798357,25.97346181487863,Moderate
Bihar,Munger,"Town Hall, Munger - BSPCB",35.42857142857143,39.857142857142854,0.0,7,2.0794415416798357,25.872130447277385,Moderate
Karnataka,Chikkaballapur,"Chikkaballapur Rural, Chikkaballapur - KSPCB",36.714285714285715,36.42857142857143,0.0,7,2.0794415416798357,25.72795690887383,Moderate
Delhi,Delhi,"Narela, Delhi - DPCC",38.142857142857146,33.857142857142854,0.0,7,2.0794415416798357,25.718261888841454,Moderate
Maharashtra,Akola,"Ramdaspeth, Akola - MPCB",37.57142857142857,34.714285714285715,0.0,7,2.0794415416798357,25.70130173987372,Moderate
Andhra_Pradesh,Kadapa,"Yerramukkapalli, Kadapa - APPCB",45.285714285714285,20.857142857142858,0.0,7,2.0794415416798357,25.652421657862373,Moderate
Maharashtra,Chandrapur,"Chauhan Colony, Chandrapur - MPCB",40.0,41.5,0.0,6,1.9459101490553132,25.596198839118966,Moderate
Uttar_Pradesh,Noida,"Sector-1, Noida - UPPCB",41.0,27.714285714285715,0.0,7,2.0794415416798357,25.577315933056077,Moderate
Chhattisgarh,Tumidih,"OP Jindal Industrial Park, Tumidih - CECB",32.42857142857143,42.57142857142857,0.0,7,2.0794415416798357,25.566025529981356,Moderate
TamilNadu,Ooty,"Bombay Castel, Ooty - TNPCB",34.5,50.833333333333336,0.0,6,1.9459101490553132,25.564642980668562,Moderate
Karnataka,Yadgir,"Collector Office, Yadgir - KSPCB",52.8,32.2,0.0,5,1.791759469228055,25.511566582810342,Moderate
Maharashtra,Latur,"Sawe Wadi, Latur - MPCB",38.142857142857146,31.714285714285715,0.0,7,2.0794415416798357,25.45778492658294,Moderate
Chandigarh,Chandigarh,"Sector-25, Chandigarh - CPCC",43.142857142857146,22.571428571428573,0.0,7,2.0794415416798357,25.406487225652413,Moderate
Karnataka,Mysuru,"Hebbal 1st Stage, Mysuru - KSPCB",31.142857142857142,43.42857142857143,0.0,7,2.0794415416798357,25.397626713674697,Moderate
Karnataka,Bengaluru,"Jayanagar 5th Block, Bengaluru - KSPCB",35.0,35.714285714285715,0.0,7,2.0794415416798357,25.277678453174236,Moderate
TamilNadu,Salem,"Sona College of Technology, Salem - TNPCB",28.857142857142858,45.142857142857146,0.0,7,2.0794415416798357,25.12140454799695,Moderate
Karnataka,Bengaluru,"Peenya, Bengaluru - CPCB",43.166666666666664,32.0,0.0,6,1.9459101490553132,25.112795731642112,Moderate
Andhra_Pradesh,Vijayawada,"Rajiv Nagar, Vijayawada - APPCB",29.571428571428573,42.857142857142854,0.0,7,2.0794415416798357,24.995001122260124,Low
Uttar_Pradesh,Ghaziabad,"Sanjay Nagar, Ghaziabad - UPPCB",36.142857142857146,31.285714285714285,0.0,7,2.0794415416798357,24.981661265582247,Low
Karnataka,Bengaluru,"RVCE-Mailasandra, Bengaluru - KSPCB",50.6,30.0,0.0,5,1.791759469228055,24.777712472821044,Low
Uttar_Pradesh,Lucknow,"Gomti Nagar, Lucknow - UPPCB",39.0,35.833333333333336,0.0,6,1.9459101490553132,24.695367849094175,Low
Andhra_Pradesh,Rajamahendravaram,"Anand Kala Kshetram, Rajamahendravaram - APPCB",30.857142857142858,37.857142857142854,0.0,7,2.0794415416798357,24.659811144866985,Low
Andaman and Nicobar,Sri Vijaya Puram,"Police Line, Sri Vijaya Puram - ANPCC",53.0,86.5,0.0,2,1.0986122886681098,24.65445563870614,Low
Maharashtra,Amravati,"Shivneri Colony, Amravati - MPCB",33.42857142857143,33.0,0.0,7,2.0794415416798357,24.614575899501144,Low
Karnataka,Bengaluru,"Shivapura_Peenya, Bengaluru - KSPCB",45.833333333333336,22.833333333333332,0.0,6,1.9459101490553132,24.56390419560156,Low
Telangana,Hyderabad,"Sanathnagar, Hyderabad - TSPCB",35.0,55.2,0.0,5,1.791759469228055,24.533501054299077,Low
Karnataka,Gadag,"Panchal Nagar, Gadag - KSPCB",29.142857142857142,39.0,0.0,7,2.0794415416798357,24.435279389791443,Low
Uttarakhand,Rishikesh,"Shivaji Nagar, Rishikesh - UKPCB",34.142857142857146,30.0,0.0,7,2.0794415416798357,24.40134681967815,Low
Haryana,Charkhi Dadri,"Mini Secretariat, Charkhi Dadri - HSPCB",36.142857142857146,25.0,0.0,7,2.0794415416798357,24.217595509623933,Low
Gujarat,Ahmedabad,"SVPI Airport Hansol, Ahmedabad - IITM",33.0,55.8,0.0,5,1.791759469228055,24.182406335182467,Low
Andhra_Pradesh,Anantapur,"Gulzarpet, Anantapur - APPCB",34.714285714285715,26.714285714285715,0.0,7,2.0794415416798357,24.123099744752896,Low
Rajasthan,Dholpur,"Raja Ganj, Dholpur - RSPCB",30.857142857142858,33.42857142857143,0.0,7,2.0794415416798357,24.12149208953272,Low
Karnataka,Dharwad,"Kalabhavan, Dharwad - KSPCB",35.142857142857146,25.571428571428573,0.0,7,2.0794415416798357,24.075041898618377,Low
TamilNadu,Karur,"Kamadenu Nagar, Karur - TNPCB",35.0,37.666666666666664,0.0,6,1.9459101490553132,24.070163824150704,Low
Telangana,Hyderabad,"ECIL Kapra, Hyderabad - TSPCB",38.333333333333336,31.5,0.0,6,1.9459101490553132,24.027282791455065,Low
Bihar,Gaya,"Collectorate, Gaya - BSPCB",33.0,54.2,0.0,5,1.791759469228055,23.987916870029444,Low
Bihar,Motihari,"Gandak Colony, Motihari - BSPCB",34.666666666666664,37.5,0.0,6,1.9459101490553132,23.97923312677243,Low
Bihar,Arrah,"New DM Office, Arrah - BSPCB",30.428571428571427,32.857142857142854,0.0,7,2.0794415416798357,23.961168365860424,Low
Punjab,Patiala,"Model Town, Patiala - PPCB",37.285714285714285,20.857142857142858,0.0,7,2.0794415416798357,23.956308583666413,Low
Uttar_Pradesh,Kanpur,"FTI Kidwai Nagar, Kanpur - UPPCB",37.57142857142857,20.142857142857142,0.0,7,2.0794415416798357,23.930058396515815,Low
Karnataka,Udupi,"Brahmagiri, Udupi - KSPCB",45.6,31.4,0.0,5,1.791759469228055,23.887820083457466,Low
Uttar_Pradesh,Moradabad,"Transport Nagar, Moradabad - UPPCB",32.57142857142857,28.285714285714285,0.0,7,2.0794415416798357,23.859800181725703,Low
Bihar,Purnia,"Mariam Nagar, Purnia - BSPCB",31.0,31.0,0.0,7,2.0794415416798357,23.85657259910752,Low
Odisha,Tensa,"Barsua Iron Ore Mines, Tensa - OSPCB",38.42857142857143,17.857142857142858,0.0,7,2.0794415416798357,23.833942704246773,Low
Uttar_Pradesh,Moradabad,"Eco Herbal Park, Moradabad - UPPCB",29.714285714285715,33.0,0.0,7,2.0794415416798357,23.827094829338737,Low
Maharashtra,Chandrapur,"MIDC Khutala, Chandrapur - MPCB",36.5,32.666666666666664,0.0,6,1.9459101490553132,23.78040544695924,Low
Uttar_Pradesh,Lucknow,"B R Ambedkar University, Lucknow - UPPCB",33.714285714285715,25.571428571428573,0.0,7,2.0794415416798357,23.772164563940528,Low
Bihar,Rajgir,"Dangi Tola, Rajgir - BSPCB",35.166666666666664,34.333333333333336,0.0,6,1.9459101490553132,23.70031312746098,Low
TamilNadu,Chennai,"Alandur Bus Depot, Chennai - CPCB",32.42857142857143,27.0,0.0,7,2.0794415416798357,23.673226270902806,Low
Telangana,Hyderabad,"Ramachandrapuram, Hyderabad - TSPCB",35.0,22.0,0.0,7,2.0794415416798357,23.610625894719732,Low
Uttar_Pradesh,Meerut,"Pallavpuram Phase 2, Meerut - UPPCB",31.571428571428573,27.714285714285715,0.0,7,2.0794415416798357,23.57832552418227,Low
Uttar_Pradesh,Moradabad,"Employment Office, Moradabad - UPPCB",32.42857142857143,26.142857142857142,0.0,7,2.0794415416798357,23.5690354859994,Low
Chhattisgarh,Raipur,"Bhatagaon New ISBT, Raipur - CECB",29.714285714285715,30.714285714285715,0.0,7,2.0794415416798357,23.54925273626299,Low
Maharashtra,Kalyan,"Pimpleshwar Mandir, Kalyan - MPCB",42.75,49.75,0.0,4,1.6094379124341003,23.54137281191851,Low
Bihar,Gaya,"SFTI Kusdihra, Gaya - BSPCB",31.857142857142858,26.428571428571427,0.0,7,2.0794415416798357,23.48261481376273,Low
Karnataka,Bengaluru,"City Railway Station, Bengaluru - KSPCB",57.5,23.5,0.0,4,1.6094379124341003,23.477738504800485,Low
Bihar,Bhagalpur,"Mayaganj, Bhagalpur - BSPCB",29.428571428571427,30.285714285714285,0.0,7,2.0794415416798357,23.43658187687571,Low
Telangana,Hyderabad,"New Malakpet, Hyderabad - TSPCB",30.428571428571427,27.571428571428573,0.0,7,2.0794415416798357,23.318658525622755,Low
Andhra_Pradesh,Amaravati,"Secretariat, Amaravati - APPCB",26.857142857142858,33.57142857142857,0.0,7,2.0794415416798357,23.290800683251973,Low
Bihar,Chhapra,"Darshan Nagar, Chhapra - BSPCB",35.833333333333336,29.5,0.0,6,1.9459101490553132,23.25413562432755,Low
Uttar_Pradesh,Agra,"Sanjay Palace, Agra - UPPCB",33.166666666666664,33.666666666666664,0.0,6,1.9459101490553132,23.1952475817649,Low
Haryana,Faridabad,"New Industrial Town, Faridabad - HSPCB",32.0,23.571428571428573,0.0,7,2.0794415416798357,23.165599930885826,Low
Punjab,Bathinda,"Hardev Nagar, Bathinda - PPCB",30.0,52.4,0.0,5,1.791759469228055,23.133073818908805,Low
Madhya Pradesh,Sagar,"Civil Lines, Sagar - MPPCB",23.857142857142858,37.42857142857143,0.0,7,2.0794415416798357,23.123616812493818,Low
Maharashtra,Mumbai,"Sewri, Mumbai - BMC",52.75,28.75,0.0,4,1.6094379124341003,23.10883992453,Low
TamilNadu,Chennai,"Kodungaiyur, Chennai - TNPCB",24.571428571428573,36.0,0.0,7,2.0794415416798357,23.1014041716604,Low
Maharashtra,Jalna,"Old MIDC, Jalna - MPCB",27.428571428571427,31.0,0.0,7,2.0794415416798357,23.099379262412896,Low
Uttar_Pradesh,Firozabad,"Nagla Bhau, Firozabad - UPPCB",24.285714285714285,36.42857142857143,0.0,7,2.0794415416798357,23.092924097176535,Low
Maharashtra,Mumbai,"Chhatrapati Shivaji Intl. Airport (T2), Mumbai - MPCB",34.714285714285715,17.571428571428573,0.0,7,2.0794415416798357,23.011731372449894,Low
Andhra_Pradesh,Chittoor,"Gangineni Cheruvu, Chittoor - APPCB",32.285714285714285,21.571428571428573,0.0,7,2.0794415416798357,22.983063566380117,Low
Maharashtra,Parbhani,"Masoom Colony, Parbhani - MPCB",28.714285714285715,27.428571428571427,0.0,7,2.0794415416798357,22.937840593192103,Low
Maharashtra,Mumbai,"Powai, Mumbai - MPCB",35.42857142857143,15.428571428571429,0.0,7,2.0794415416798357,22.902693077530305,Low
TamilNadu,Chennai,"Perungudi, Chennai - TNPCB",28.714285714285715,26.714285714285715,0.0,7,2.0794415416798357,22.85101493910593,Low
Karnataka,Chamarajanagar,"Urban, Chamarajanagar - KSPCB",27.285714285714285,29.0,0.0,7,2.0794415416798357,22.82597969750383,Low
Uttar_Pradesh,Moradabad,"Jigar Colony, Moradabad - UPPCB",31.857142857142858,20.285714285714285,0.0,7,2.0794415416798357,22.73591418862165,Low
TamilNadu,Ariyalur,"Keelapalur, Ariyalur - TNPCB",25.833333333333332,42.166666666666664,0.0,6,1.9459101490553132,22.673702547377385,Low
Telangana,Hyderabad,"Kompally Municipal Office, Hyderabad - TSPCB",30.285714285714285,21.428571428571427,0.0,7,2.0794415416798357,22.541670167013887,Low
Uttar_Pradesh,Kanpur,"Nehru Nagar, Kanpur - UPPCB",32.166666666666664,30.0,0.0,6,1.9459101490553132,22.53752842318139,Low
Uttar_Pradesh,Hapur,"Anand Vihar, Hapur - UPPCB",28.285714285714285,24.714285714285715,0.0,7,2.0794415416798357,22.517039907261292,Low
Uttar_Pradesh,Vrindavan,"Omex Eternity, Vrindavan - UPPCB",24.571428571428573,30.285714285714285,0.0,7,2.0794415416798357,22.406798938971026,Low
Uttar_Pradesh,Kanpur,"NSI Kalyanpur, Kanpur - UPPCB",32.42857142857143,15.428571428571429,0.0,7,2.0794415416798357,22.266650674706824,Low
Maharashtra,Mumbai,"Kurla, Mumbai - MPCB",37.833333333333336,17.833333333333332,0.0,6,1.9459101490553132,22.260011542802395,Low
Uttar_Pradesh,Meerut,"Jai Bhim Nagar, Meerut - UPPCB",29.714285714285715,19.857142857142858,0.0,7,2.0794415416798357,22.229502794153174,Low
Karnataka,Shivamogga,"Vinoba Nagara, Shivamogga - KSPCB",28.142857142857142,22.571428571428573,0.0,7,2.0794415416798357,22.22627521153499,Low
Bihar,Saharsa,"Police Line, Saharsa - BSPCB",29.857142857142858,19.0,0.0,7,2.0794415416798357,22.155599742717552,Low
Bihar,Siwan,"Chitragupta Nagar, Siwan - BSPCB",75.0,27.5,0.0,2,1.0986122886681098,22.146967565227218,Low
Punjab,Khanna,"Kalal Majra, Khanna - PPCB",30.714285714285715,17.428571428571427,0.0,7,2.0794415416798357,22.146309704534684,Low
Chhattisgarh,Korba,"Urja Nagar, Korba - CECB",30.571428571428573,17.285714285714285,0.0,7,2.0794415416798357,22.098656840249664,Low
Karnataka,Kalaburagi,"Lal Bahadur Shastri Nagar, Kalaburagi - KSPCB",36.833333333333336,18.166666666666668,0.0,6,1.9459101490553132,22.088516047101447,Low
Bihar,Bhagalpur,"DM Office_Kachari Chowk, Bhagalpur - BSPCB",23.142857142857142,29.714285714285715,0.0,7,2.0794415416798357,22.034461081024237,Low
Madhya Pradesh,Jabalpur,"Govindh Bhavan Colony, Jabalpur - JMC",25.142857142857142,25.857142857142858,0.0,7,2.0794415416798357,21.989630817507898,Low
Assam,Silchar,"Tarapur, Silchar - PCBA",25.0,25.142857142857142,0.0,7,2.0794415416798357,21.87251742995394,Low
Telangana,Hyderabad,"Nacharam_TSIIC IALA, Hyderabad - TSPCB",35.666666666666664,17.333333333333332,0.0,6,1.9459101490553132,21.739869627347336,Low
Andhra_Pradesh,Vijayawada,"HB Colony, Vijayawada - APPCB",25.857142857142858,22.428571428571427,0.0,7,2.0794415416798357,21.7243063452332,Low
Karnataka,Mangalore,"Kadri, Mangalore - KSPCB",30.857142857142858,13.428571428571429,0.0,7,2.0794415416798357,21.6903737751199,Low
Uttar_Pradesh,Prayagraj,"Jhunsi, Prayagraj - UPPCB",22.571428571428573,27.714285714285715,0.0,7,2.0794415416798357,21.670198315711815,Low
Chhattisgarh,Korba,"Rampur, Korba - CECB",29.714285714285715,15.0,0.0,7,2.0794415416798357,21.639088346367203,Low
Chhattisgarh,Bhilai,"Civic Center, Bhilai - Bhilai Steel Plant",22.142857142857142,27.571428571428573,0.0,7,2.0794415416798357,21.561969984491228,Low
TamilNadu,Chengalpattu,"Crescent University, Chengalpattu - TNPCB",29.571428571428573,14.428571428571429,0.0,7,2.0794415416798357,21.539340089630482,Low
Karnataka,Hubballi,"Lingaraj Nagar, Hubballi - KSPCB",27.142857142857142,18.571428571428573,0.0,7,2.0794415416798357,21.528037414377934,Low
Arunachal_Pradesh,Naharlagun,"Naharlagun, Naharlagun - APSPCB",23.166666666666668,37.166666666666664,0.0,6,1.9459101490553132,21.500551944042197,Low
Andhra_Pradesh,Vijayawada,"Kanuru, Vijayawada - APPCB",38.2,23.8,0.0,5,1.791759469228055,21.395090530349336,Low
Chhattisgarh,Raipur,"AIIMS, Raipur - CECB",28.142857142857142,15.285714285714286,0.0,7,2.0794415416798357,21.340653539856035,Low
Bihar,Araria,"Kharahiya Basti, Araria - BSPCB",28.666666666666668,26.0,0.0,6,1.9459101490553132,21.309255290338093,Low
Uttar_Pradesh,Moradabad,"Kashiram Nagar, Moradabad - UPPCB",26.142857142857142,18.285714285714285,0.0,7,2.0794415416798357,21.281293018468972,Low
Maharashtra,Kalyan,"Khadakpada, Kalyan - MPCB",26.714285714285715,17.142857142857142,0.0,7,2.0794415416798357,21.263522905802233,Low
Bihar,Gaya,"Kareemganj, Gaya - BSPCB",25.333333333333332,31.166666666666668,0.0,6,1.9459101490553132,21.230580407313088,Low
TamilNadu,Chennai,"Royapuram, Chennai - TNPCB",23.285714285714285,22.714285714285715,0.0,7,2.0794415416798357,21.213857404447538,Low
Bihar,Katihar,"Mirchaibari, Katihar - BSPCB",23.857142857142858,21.714285714285715,0.0,7,2.0794415416798357,21.21345242259804,Low
TamilNadu,Virudhunagar,"Collectorate Office, Virudhunagar - TNPCB",29.666666666666668,22.0,0.0,6,1.9459101490553132,21.035045761730025,Low
Chhattisgarh,Bhilai,"32Bungalows, Bhilai - CECB",21.285714285714285,24.714285714285715,0.0,7,2.0794415416798357,21.03294096733983,Low
Maharashtra,Mumbai,"Colaba, Mumbai - MPCB",29.142857142857142,10.142857142857142,0.0,7,2.0794415416798357,20.927522964710093,Low
Kerala,Thiruvananthapuram,"Kariavattom, Thiruvananthapuram - Kerala PCB",34.333333333333336,12.833333333333334,0.0,6,1.9459101490553132,20.910182494238462,Low
Uttar_Pradesh,Firozabad,"Vibhab Nagar, Firozabad - UPPCB",23.571428571428573,19.571428571428573,0.0,7,2.0794415416798357,20.892399993403956,Low
Maharashtra,Solapur,"Dnyaneshwar Nagar, Solapur - MPCB",65.5,33.5,0.0,2,1.0986122886681098,20.862168783943368,Low
Rajasthan,Tonk,"Shastri Nagar, Tonk - RSPCB",42.0,74.0,0.0,2,1.0986122886681098,20.80285121517869,Low
Karnataka,Madikeri,"Stuart Hill, Madikeri - KSPCB",18.714285714285715,27.285714285714285,0.0,7,2.0794415416798357,20.80033411962992,Low
Uttar_Pradesh,Agra,"Sector-3B Avas Vikas Colony, Agra - UPPCB",19.428571428571427,26.0,0.0,7,2.0794415416798357,20.795486609613732,Low
Chhattisgarh,Raipur,"Krishak Nagar, Raipur - CECB",29.833333333333332,19.0,0.0,6,1.9459101490553132,20.705713703613853,Low
Karnataka,Bengaluru,"BTM Layout, Bengaluru - CPCB",26.857142857142858,12.285714285714286,0.0,7,2.0794415416798357,20.703396191484053,Low
Maharashtra,Mumbai,"Borivali East, Mumbai - MPCB",27.5,22.666666666666668,0.0,6,1.9459101490553132,20.656719081282382,Low
Assam,Sivasagar,"Girls College, Sivasagar - PCBA",20.428571428571427,22.571428571428573,0.0,7,2.0794415416798357,20.590737604274604,Low
TamilNadu,Perundurai,"SIPCOT Industrial Park, Perundurai - TNPCB",25.142857142857142,14.0,0.0,7,2.0794415416798357,20.548324959677444,Low
Uttar_Pradesh,Moradabad,"Buddhi Vihar, Moradabad - UPPCB",24.142857142857142,14.571428571428571,0.0,7,2.0794415416798357,20.405771348671887,Low
Kerala,Kannur,"Thavakkara, Kannur - Kerala PCB",29.142857142857142,4.571428571428571,0.0,7,2.0794415416798357,20.250282862837953,Low
Bihar,Patna,"IGSC Planetarium Complex, Patna - BSPCB",28.4,31.4,0.0,5,1.791759469228055,20.24117697393616,Low
Chhattisgarh,Bilaspur,"Mangala, Bilaspur - NTPC",28.2,31.2,0.0,5,1.791759469228055,20.174462963937135,Low
TamilNadu,Coimbatore,"PSG College of Arts and Science, Coimbatore - TNPCB",27.0,31.6,0.0,5,1.791759469228055,19.968668369095997,Low
Uttar_Pradesh,Jhansi,"Shivaji Nagar, Jhansi - UPPCB",16.0,25.142857142857142,0.0,7,2.0794415416798357,19.96439022148349,Low
TamilNadu,Chennai,"Velachery Res. Area, Chennai - CPCB",22.571428571428573,11.428571428571429,0.0,7,2.0794415416798357,19.690573402547095,Low
TamilNadu,Chennai,"Manali Village, Chennai - TNPCB",26.8,29.4,0.0,5,1.791759469228055,19.658842527655686,Low
Uttar_Pradesh,Agra,"Rohta, Agra - UPPCB",16.428571428571427,21.571428571428573,0.0,7,2.0794415416798357,19.62112515145599,Low
TamilNadu,Tirunelveli,"Municipal Corporation Office, Tirunelveli - TNPCB",19.571428571428573,15.285714285714286,0.0,7,2.0794415416798357,19.523389531788943,Low
TamilNadu,Kanchipuram,"Kilambi, Kanchipuram - TNPCB",18.142857142857142,17.142857142857142,0.0,7,2.0794415416798357,19.446258897735138,Low
Uttar_Pradesh,Prayagraj,"Motilal Nehru NIT, Prayagraj - UPPCB",18.428571428571427,16.0,0.0,7,2.0794415416798357,19.367913318132835,Low
Uttar_Pradesh,Agra,"Shastripuram, Agra - UPPCB",20.166666666666668,24.666666666666668,0.0,6,1.9459101490553132,19.345060594710702,Low
Karnataka,Bengaluru,"Kasturi Nagar, Bengaluru - KSPCB",25.142857142857142,3.142857142857143,0.0,7,2.0794415416798357,19.228575017567632,Low
Karnataka,Vijayapura,"Ibrahimpur, Vijayapura - KSPCB",22.166666666666668,19.333333333333332,0.0,6,1.9459101490553132,19.12079064608294,Low
Maharashtra,Dhule,"Deopur, Dhule - MPCB",39.5,64.5,0.0,2,1.0986122886681098,19.118034680146366,Low
TamilNadu,Thanjavur,"Parisutham Nagar, Thanjavur - TNPCB",19.428571428571427,11.571428571428571,0.0,7,2.0794415416798357,19.041608397073063,Low
Uttar_Pradesh,Bareilly,"Rajendra Nagar, Bareilly - UPPCB",16.714285714285715,15.857142857142858,0.0,7,2.0794415416798357,18.98709538570218,Low
TamilNadu,Nagapattinam,"Velippalayam, Nagapattinam - TNPCB",12.142857142857142,23.714285714285715,0.0,7,2.0794415416798357,18.972970109680954,Low
Kerala,Thrissur,"Corporation Ground, Thrissur - Kerala PCB",27.166666666666668,8.333333333333334,0.0,6,1.9459101490553132,18.84374624452837,Low
Madhya Pradesh,Indore,"Airport Area, Indore - IMC",17.833333333333332,23.5,0.0,6,1.9459101490553132,18.7085457130628,Low
Uttar_Pradesh,Agra,"Manoharpur, Agra - UPPCB",15.857142857142858,15.0,0.0,7,2.0794415416798357,18.701178199992064,Low
Uttar_Pradesh,Varanasi,"Ardhali Bazar, Varanasi - UPPCB",20.833333333333332,18.166666666666668,0.0,6,1.9459101490553132,18.696289898709534,Low
Karnataka,Kalaburagi,"Mahatma Basaveswar Colony, Kalaburgi - KSPCB",20.333333333333332,18.5,0.0,6,1.9459101490553132,18.630801470145833,Low
Karnataka,Kolar,"Tamaka Ind. Area, Kolar - KSPCB",18.714285714285715,9.428571428571429,0.0,7,2.0794415416798357,18.62969276747562,Low
TamilNadu,Ramanathapuram,"Chalai Bazaar, Ramanathapuram - TNPCB",10.857142857142858,22.142857142857142,0.0,7,2.0794415416798357,18.50936406948131,Low
Uttar_Pradesh,Prayagraj,"Nagar Nigam, Prayagraj - UPPCB",15.142857142857142,14.428571428571429,0.0,7,2.0794415416798357,18.4802790093842,Low
Bihar,Samastipur,"DM Office_Kasipur, Samastipur - BSPCB",12.857142857142858,17.428571428571427,0.0,7,2.0794415416798357,18.360343021061563,Low
Mizoram,Aizawl,"Sikulpuikawn, Aizawl - Mizoram PCB",19.5,14.333333333333334,0.0,6,1.9459101490553132,17.94764004274775,Low
Karnataka,Bengaluru,"Sanegurava Halli, Bengaluru - KSPCB",27.75,28.25,0.0,4,1.6094379124341003,17.74770860980731,Low
Madhya Pradesh,Satna,"Bandhavgar Colony, Satna - Birla Cement",30.0,6.6,0.0,5,1.791759469228055,17.56581287890346,Low
TamilNadu,Pudukottai,"SIPCOT Nathampannai, Pudukottai - TNPCB",19.8,24.2,0.0,5,1.791759469228055,17.54265282598689,Low
Uttar_Pradesh,Varanasi,"Bhelupur, Varanasi - UPPCB",13.0,9.571428571428571,0.0,7,2.0794415416798357,17.435548559581456,Low
TamilNadu,Chennai,"Arumbakkam, Chennai - TNPCB",21.4,20.2,0.0,5,1.791759469228055,17.39565177794352,Low
Uttar_Pradesh,Varanasi,"Maldahiya, Varanasi - UPPCB",17.833333333333332,10.333333333333334,0.0,6,1.9459101490553132,17.108059489407694,Low
Chandigarh,Chandigarh,"Sector-53, Chandigarh - CPCC",49.5,28.5,0.0,2,1.0986122886681098,16.862163056948244,Low
Delhi,Delhi,"North Campus, DU, Delhi - IMD",33.666666666666664,29.333333333333332,0.0,3,1.3862943611198906,16.71935043638188,Low
Madhya Pradesh,Indore,"Vijay Nagar Scheme-78, Indore - Glenmark",36.75,3.25,0.0,4,1.6094379124341003,16.616937925261745,Low
Uttar_Pradesh,Varanasi,"IESD Banaras Hindu University, Varanasi - UPPCB",9.857142857142858,7.571428571428571,0.0,7,2.0794415416798357,16.526106591848908,Low
Madhya Pradesh,Maihar,"Sahilara, Maihar - KJS Cements",21.6,10.4,0.0,5,1.791759469228055,16.246806630736142,Low
TamilNadu,Thoothukudi,"Meelavittan, Thoothukudi - TNPCB",18.6,15.4,0.0,5,1.791759469228055,16.21854380651586,Low
TamilNadu,Palkalaiperur,"Bharathidasan University, Palkalaiperur - TNPCB",14.333333333333334,8.666666666666666,0.0,6,1.9459101490553132,16.16341682657923,Low
Karnataka,Chikkamagaluru,"Kalyana Nagara, Chikkamagaluru - KSPCB",35.0,48.0,0.0,2,1.0986122886681098,16.158298466520566,Low
Jammu_and_Kashmir,Srinagar,"Rajbagh, Srinagar - JKSPCB",15.166666666666666,6.333333333333333,0.0,6,1.9459101490553132,16.05646480179315,Low
Telangana,Hyderabad,"IITH Kandi, Hyderabad - TSPCB",16.4,11.8,0.0,5,1.791759469228055,15.314511414517664,Low
Bihar,Muzaffarpur,"MIT-Daudpur Kothi, Muzaffarpur - BSPCB",15.2,11.2,0.0,5,1.791759469228055,14.987160903955887,Low
Bihar,Sasaram,"Dada Peer, Sasaram - BSPCB",30.5,42.0,0.0,2,1.0986122886681098,14.4748993679615,Low
TamilNadu,Tirupur,"Kumaran College, Tirupur - TNPCB",36.333333333333336,0.0,0.0,3,1.3862943611198906,13.719081266641739,Low
Andhra_Pradesh,Vijayawada,"Rajiv Gandhi Park, Vijayawada - APPCB",32.5,22.5,0.0,2,1.0986122886681098,12.528587279957993,Low
Meghalaya,Shillong,"Lumpyngngad, Shillong - Meghalaya PCB",7.0,20.333333333333332,0.0,3,1.3862943611198906,9.971636947576256,Low
TamilNadu,Vellore,"Vasanthapuram, Vellore - TNPCB",11.666666666666666,5.666666666666667,0.0,3,1.3862943611198906,9.178216143621167,Low
Assam,Guwahati,"IITG, Guwahati - PCBA",21.5,13.0,0.0,2,1.0986122886681098,9.041650603592466,Low
Madhya Pradesh,Ratlam,"Shasthri Nagar, Ratlam - IPCA Lab",16.5,20.5,0.0,2,1.0986122886681098,8.893249300124797,Low
Karnataka,Haveri,"Ashwini Nagar, Haveri - KSPCB",19.5,14.5,0.0,2,1.0986122886681098,8.799956208624437,Low
Kerala,Thiruvananthapuram,"Plammoodu, Thiruvananthapuram - Kerala PCB",19.5,13.0,0.0,2,1.0986122886681098,8.617622335043476,Low
Kerala,Kollam,"Polayathode, Kollam - Kerala PCB",24.5,1.5,0.0,2,1.0986122886681098,8.279799975628581,Low
Chhattisgarh,Milupara,"Govt. Higher Secondary School, Milupara - CECB",13.0,21.5,0.0,2,1.0986122886681098,8.272755745884709,Low
Bihar,Bihar Sharif,"D M Colony, Bihar Sharif - BSPCB",31.0,22.0,0.0,1,0.6931471805599453,7.7625693684419685,Low
Madhya Pradesh,Damoh,"Shrivastav Colony, Damoh - MPPCB",20.0,4.5,0.0,2,1.0986122886681098,7.690404118555278,Low
Uttar_Pradesh,Bareilly,"Civil Lines, Bareilly - UPPCB",15.0,8.5,0.0,2,1.0986122886681098,7.116557110065366,Low
TamilNadu,Cuddalore,"Semmandalam, Cuddalore - TNPCB",12.0,5.5,0.0,2,1.0986122886681098,6.115846960079961,Low
Karnataka,Hubballi,"Deshpande Nagar, Hubballi - KSPCB",14.0,0.0,0.0,2,1.0986122886681098,5.871317692165426,Low
Karnataka,Karwar,"KHB Colony, Karwar - KSPCB",9.0,1.0,0.0,1,0.6931471805599453,0.5455841842696301,Low
